id,sector,EAD,PD0,LGD0,rho,M,alpha_rwa,K0_proxy,RW0_exact_proxy
201,Consumer,0.18727632396730098,0.00556058945989303,0.38371106033479124,0.19094195638334505,2.184185927231544,4.829302567396034,0.03277512182276463,0.4096890227845579
202,Consumer,0.49053752307111537,0.003959815704424318,0.41298320542553335,0.19728747321457493,2.3292563225708816,12.610901881015646,0.029380951741177757,0.367261896764722
203,Consumer,0.14994889210586226,0.003253590701275322,0.4447079348316105,0.20363568135180718,2.436320009444019,3.7916474683560457,0.02889858892286873,0.36123236153585914
204,Consumer,0.24673453818390922,0.0041504800920829955,0.4264161152686116,0.17896777286965887,2.641916633020227,6.199641352237889,0.028716305608079862,0.3589538201009983
205,Consumer,0.0218371622669885,0.005472612201846226,0.40723027328580425,0.204589747786282,2.8323424819803487,0.6845519020107872,0.039212704559716365,0.49015880699645453
206,Consumer,0.13228008607220698,0.003298516901507083,0.4064025638396422,0.2212505612411434,2.2822609105891,3.36900767844315,0.029107136258949635,0.3638392032368704
207,Consumer,0.06470644804908787,0.003352877481036124,0.40506820274555516,0.19768710363471578,2.2175375215538566,1.4433907081295465,0.025493431187384345,0.3186678898423043
208,Consumer,0.046147202711865516,0.004840896290215067,0.399217162996937,0.20481956518645683,2.5750622694137224,1.4022134472450545,0.03472647440843257,0.43408093010540716
209,Consumer,0.06270435922216686,0.003983172525637185,0.5098571507046622,0.21247070354965572,2.6443379665643416,2.2367987428222786,0.04076816113072752,0.509602014134094
210,Consumer,0.10231507306592018,0.004949733913917699,0.44041288749149443,0.20058195161813175,2.2263198266964457,3.3042152210917304,0.03690801221955826,0.4613501527444782
211,Consumer,0.31515998180750004,0.004195661225327749,0.46103656690416583,0.1964118847330869,2.716157390786469,9.658859128829784,0.03502569102817274,0.43782113785215926
212,Consumer,0.04188863941847012,0.005017232865518571,0.41288228861583764,0.17946412258118422,2.791834136462389,1.1756847451621182,0.03218702445235048,0.402337805654381
213,Consumer,0.1420723512756007,0.0032501239015997976,0.4234915162984883,0.20863139381235146,2.9166745862634693,3.655340479886293,0.029404257334413177,0.3675532166801647
214,Consumer,0.0893906070882077,0.0041973000989388,0.40502561065203757,0.20108980252111275,3.111328362687929,2.551392851977446,0.03261950712830252,0.4077438391037815
215,Consumer,0.10291077139141491,0.003993987655003929,0.3371902082778279,0.1920946481045201,2.053433544536224,2.059308190244681,0.02286927833447068,0.2858659791808835
216,Consumer,0.3407844422732809,0.0031064789570958264,0.3817696753103247,0.20348745372117866,2.4055592837330044,7.137618957049545,0.023936769981756274,0.2992096247719534
217,Consumer,0.22431963884278797,0.002847932124930033,0.3666283462006862,0.1963846830503399,2.404511078647464,4.066387091359688,0.02071731016043366,0.25896637700542074
218,Consumer,0.4605522888455351,0.00499731069389045,0.3512575677716937,0.19693722530724647,2.360770572586997,11.818655628345129,0.0293279076685973,0.3665988458574662
219,Consumer,0.12026684582650887,0.003856363157409587,0.3881624358995664,0.2082843981794888,2.1402948321559454,2.9952974443980063,0.028463347947531158,0.3557918493441395
220,Consumer,0.07387834471481373,0.0032605391895913945,0.4763734487783571,0.1888376625051633,1.8057751987075714,1.739724104545423,0.026912569943947435,0.33640712429934294
221,Consumer,0.11298953065394049,0.004109978977220105,0.4284447341303476,0.2126946394791393,2.4370717784116014,3.4079496022613003,0.03447044626966645,0.43088057837083066
222,Consumer,0.17191758631898688,0.005581554724414141,0.4751697316812411,0.1882446249872177,2.092657736180835,5.355355441313148,0.03974157964458465,0.49676974555730813
223,Consumer,0.16201422226542023,0.0023804229604083016,0.44438439019153064,0.19559447253484907,2.43439739229905,3.124587507928651,0.02204101036307991,0.27551262953849887
224,Consumer,0.052081970620639635,0.0028959203631076717,0.4573895589000306,0.2214509485590675,2.0823825833204586,1.3429693639759008,0.029469355939652865,0.3683669492456608
225,Consumer,0.1499360551188895,0.003342573559964039,0.39846860516433985,0.21349503423482594,1.9601366616622633,3.523716621291944,0.026858814625039355,0.3357351828129919
226,Consumer,0.16972400159048653,0.006066351565872445,0.4483382833967435,0.20319752654335613,2.493719344150759,5.468204558573048,0.04467360585495725,0.5584200731869656
227,Consumer,1.332077102670664,0.004518180612369171,0.4555049981926021,0.19281618446338955,2.460368610722598,40.70927246191127,0.034926568980380907,0.43658211225476135
228,Consumer,0.7483930071971081,0.005100262238946369,0.40981734477182075,0.1969287635514028,2.631712788528373,22.75978060154637,0.035452984408673165,0.44316230510841453
229,Consumer,0.06412594787316532,0.0031658526465622883,0.4495839129715658,0.2029542397642587,3.27434550656705,1.7096885124121677,0.030470188640887234,0.3808773580110904
230,Consumer,0.10671087507997752,0.0031822187667140097,0.44981657155011917,0.2025967189417977,2.5109158124843387,2.6868674128648453,0.02877593883848532,0.3596992354810665
231,Consumer,0.037027848765891595,0.0047087198492679885,0.4107656582604471,0.2013127773221421,2.5940327068256517,1.1152152778982003,0.034420896396860454,0.43026120496075565
232,Consumer,0.08121758501663773,0.004271782683634165,0.3907031048705152,0.2019131614775599,1.9689754684530698,2.076023672735324,0.02921286667955036,0.3651608334943795
233,Consumer,0.1836097541150943,0.004829038369063281,0.38855550838356046,0.20007773552135058,1.88523702378545,4.9863869254174045,0.031037174153561286,0.3879646769195161
234,Consumer,0.409131393246057,0.004017038340781046,0.43302769396725116,0.1878016992620016,3.0331317787093335,11.118787563135198,0.031058936068486826,0.3882367008560853
235,Consumer,0.07170730652751765,0.004513164540043313,0.44144534540762603,0.1970563791967934,2.0306080880266784,2.101143599274632,0.03348761914070889,0.41859523925886116
236,Consumer,0.07671032421551582,0.00437975338899393,0.402261595933973,0.21136772715827018,1.982422371412543,2.1694756181387613,0.032321603797143154,0.40402004746428943
237,Consumer,0.02000951626753872,0.005113604284256453,0.43093048694641345,0.18853814364289054,2.384360431513379,0.5964269880450667,0.03483932699718188,0.4354915874647735
238,Consumer,0.1193868155153584,0.005151122840436657,0.449968796264847,0.20032593150300895,2.3639230346490447,3.9666569377207166,0.03911939438465268,0.4889924298081585
239,Consumer,0.05312221114958574,0.002808062234204898,0.4516366750132855,0.19402394733069328,2.0389973974226834,1.1234778997480175,0.024170205169992732,0.30212756462490914
240,Consumer,0.0858217624467599,0.0024004242891124306,0.4843158042042871,0.20333499091238283,2.2780107125147597,1.8783740304965246,0.025013622611654494,0.3126702826456812
241,Consumer,0.06277729102409008,0.005408106313491025,0.4746943291269315,0.19833515480773353,2.8917502870600416,2.2326103277732323,0.04396200805274306,0.5495251006592882
242,Consumer,0.12696758297427205,0.005665493026744235,0.39495479985352094,0.2169954232681484,2.077602556467281,3.8445483793124473,0.0392113802796674,0.49014225349584245
243,Consumer,0.028412027195294533,0.003261890361511651,0.4889255173338308,0.20728731816030427,1.8425310062535312,0.7697205862434701,0.03096155948133915,0.38701949351673937
244,Consumer,0.036907964936096285,0.0026445576098276234,0.41141582234054996,0.1891034549606296,2.7770374483599167,0.7012083092947778,0.021712953458578817,0.2714119182322352
245,Consumer,0.9392582813134172,0.004315535215782462,0.46657054843590495,0.2089337667345387,2.5969187647752148,31.630724492564926,0.03848717667894765,0.4810897084868457
246,Consumer,0.04338387279166244,0.005313082653991001,0.43237953191178813,0.1944749680557811,2.1517925517405354,1.3027746255921306,0.03646779358262706,0.45584741978283827
247,Consumer,0.05150408268287795,0.006598624896455867,0.41557477175400614,0.1964515229046264,1.7671331935492327,1.3555827932810145,0.03969719082672129,0.4962148853340161
248,Consumer,0.7219748294457426,0.004790031754437065,0.3667306099078773,0.20535967681947295,2.1021506574245747,19.315374982507578,0.030575462419748928,0.3821932802468616
249,Consumer,1.8881042320757373,0.003836396342670345,0.4239952421424278,0.19730401242110038,2.3781182252602915,48.95087708697301,0.02962964574602208,0.370370571825276
250,Consumer,0.04815178140698765,0.0033675315300356018,0.3754215867643037,0.21115004478163127,2.8662688359535275,1.1376528942041753,0.02700159159728752,0.337519894966094
251,Consumer,0.09922043979861508,0.004222069753022753,0.46385547325449705,0.19447638600326778,1.9853672100521371,2.8629692789309815,0.032976722304878414,0.4122090288109802
252,Consumer,0.18794852015682267,0.003906518123343709,0.48308774299987367,0.1960320210924881,2.3661920473954106,5.574215661110123,0.03389509094729949,0.42368863684124364
253,Consumer,0.6549742883894056,0.003266423551609109,0.4021081153746158,0.19565777768292064,2.6700578639579593,14.588117396204069,0.025454639155511685,0.31818298944389606
254,Consumer,0.056860262905563466,0.007026238934198707,0.44056897598817446,0.19656509913485135,1.4474930639512316,1.5119516586811845,0.042704525366971904,0.5338065670871488
255,Consumer,0.11083227684807273,0.006578157876824769,0.40461129672972085,0.21321340217387985,2.81351446717556,3.396630364271563,0.04607955407074558,0.5759944258843197
256,Consumer,0.278208802247774,0.005592770707045717,0.40800303444521235,0.20850944955450476,1.927019771117425,8.241426771063358,0.03786870856467862,0.47335885705848274
257,Consumer,0.20439564821147385,0.003344275399837234,0.457107314635288,0.21932092615852244,2.532798197382774,5.967883465125777,0.0333688036195438,0.4171100452442975
258,Consumer,0.09851685363404668,0.00521332307516937,0.42865116083548055,0.22489792865739427,2.4986732598442973,3.5932028041482442,0.04346180699416435,0.5432725874270543
259,Consumer,0.1225265121727395,0.004940019359250469,0.49088768146758543,0.19191431629907832,2.833834556585538,4.394554072684664,0.04098988392454235,0.5123735490567793
260,Consumer,0.04009942010553849,0.004702522438278012,0.41312186324539774,0.20292567789167462,2.620369752357416,1.227430443370731,0.03498249216259364,0.43728115203242046
261,Consumer,0.1115431744728832,0.005753906206685552,0.4649767716366071,0.1904594834519674,1.4490838033080076,3.229883016951622,0.03808276858008234,0.47603460725102925
262,Consumer,0.10874648629593356,0.0049347668786930594,0.4334094694535224,0.19444542734091905,2.0860883011376035,3.2896295928883226,0.034571937040390056,0.4321492130048757
263,Consumer,0.1703271502877227,0.005065567661646231,0.45785223034104816,0.19592066151584503,2.455282051741312,5.685187203017758,0.03864656979715827,0.48308212246447835
264,Consumer,0.08384531420102638,0.004936661132299863,0.41434948199345184,0.19164993787701898,2.322008045552085,2.4321324512769524,0.03315128544515003,0.41439106806437537
265,Consumer,0.21127334538360576,0.004584405794934698,0.4282654406856946,0.1917026138894176,2.591044291902708,6.154654390911276,0.033292844962050004,0.41616056202562507
266,Consumer,0.34385234534160075,0.002695435711356189,0.4259575392245373,0.20077864283319918,2.715746622267882,7.331715112549955,0.024368317096825798,0.3046039637103225
267,Consumer,0.15896030157768545,0.00429893757696465,0.40073800098039747,0.19005430243453766,2.6433806945718716,4.1213866407684465,0.029631021796824697,0.37038777246030874
268,Consumer,0.18968197767744918,0.003663484186038612,0.4531728537103613,0.21064275620977804,2.3142900229782137,5.472828759437118,0.03297446344635149,0.41218079307939365
269,Consumer,0.14498175593297125,0.0030572090000972746,0.45275871519524274,0.19304395124422657,1.6614651955518078,3.143385716658331,0.024778571592821444,0.30973214491026807
270,Consumer,0.13821964555619798,0.006410368788080521,0.45077441432169485,0.23031717631936566,2.217807500458073,4.96368768161928,0.05261864139292473,0.6577330174115591
271,Consumer,0.07219464472355276,0.006486424684951383,0.48379379788711757,0.19770764210875777,2.566547259255582,2.3931035415219757,0.04914550797599093,0.6143188496998866
272,Consumer,0.18375676174688624,0.005913676964485157,0.48072706804327064,0.20294166303757225,1.9638210989798088,6.121988955837407,0.04503277947689353,0.5629097434611691
273,Consumer,0.12662249277276327,0.004487366490307298,0.41687693585528024,0.18926807477374138,2.6525098920486303,3.503557003702789,0.031622068555186296,0.3952758569398287
274,Consumer,0.9092495405586943,0.005900982886283467,0.44305683114519623,0.21928240419967812,2.763357318906922,32.585357960915026,0.04833766902572778,0.6042208628215973
275,Consumer,0.5695163618976575,0.00422270510508572,0.40817397587596255,0.21341649342643088,2.450746790518337,16.755438638891835,0.03362339348136797,0.4202924185170996
376,Defense,1.122884265210573,0.0026352212981915176,0.4727587071161642,0.1835010197068642,1.8243001445709535,19.651334740518823,0.02222319488669358,0.27778993608366975
377,Defense,0.11490693967529314,0.004286777132600015,0.4794626345838103,0.20908326071143452,3.0017778590649873,3.6802186459172885,0.04067024612987725,0.5083780766234656
378,Defense,0.022773510439055237,0.004068902036884877,0.46620414784320996,0.21987411824210693,2.5203912587584294,0.6997486515461872,0.03901768761680595,0.48772109521007434
379,Defense,0.5855766135066334,0.004190248308315241,0.4701930995896583,0.21603826225598227,2.8170524097750986,18.557605166614575,0.04024274939682135,0.5030343674602669
380,Defense,0.09154572851862351,0.00427002383233036,0.5115763987288584,0.18552412793501405,2.76531811966315,2.6654501992775046,0.03697276454641627,0.4621595568302034
381,Defense,0.15230125503941916,0.004549443794743469,0.5029111868468739,0.2090335195368412,2.6905184016728927,5.198849443625064,0.04334641613752789,0.5418302017190987
382,Defense,0.4491530583768238,0.0054495194210409745,0.359653076617604,0.2160060363205148,3.1161362327138815,12.198697424555414,0.0375886506585816,0.46985813323227
383,Defense,0.032679060253954416,0.003257105108916317,0.44888965058068114,0.19721687301389257,2.1868540486589167,0.7086197395356343,0.027535509983878225,0.3441938747984778
384,Defense,0.0448034707194689,0.00320791798682828,0.45423721403596173,0.20279944712777973,2.593194310018256,1.0390920819475697,0.02945044184375973,0.3681305230469966
385,Defense,0.03270794311513735,0.00327161601893457,0.39867654995455604,0.1817060423132325,3.0736151652469523,0.6156262124414841,0.023900847833885037,0.29876059792356296
386,Defense,0.06762957852592527,0.004622077084692583,0.46329640703813096,0.20445233450104563,2.5543660898622527,2.072219159158708,0.03890885417017319,0.48636067712716485
387,Defense,0.20529357871118084,0.005869983760791455,0.5037065220343677,0.19114937552693204,2.156477316292011,6.1388004411374295,0.04457840065277731,0.5572300081597164
388,Defense,0.22152537861546953,0.0038604361261350205,0.42197012491432934,0.20378132300039437,3.067422137302694,5.665732859428162,0.03247745903319835,0.4059682379149793
389,Defense,0.17722406960434098,0.0023006462498404005,0.47177403285414554,0.1861729435993904,3.2492378521766154,3.1994540499903668,0.02292464450629592,0.286558056328699
390,Defense,0.03875573733235353,0.0028084052822851154,0.42794617829462467,0.20721355506605518,2.7820019169427974,0.8033311289583742,0.026321342106112745,0.3290167763264093
391,Defense,0.017282164355087348,0.00349158518908829,0.4364830791712113,0.2120300995755461,2.0156617606121867,0.4111994899463308,0.030213697297573942,0.37767121621967426
392,Defense,0.145138190628371,0.003740363506017459,0.5117087771959512,0.19395317420412755,3.082387898679526,4.159864188841886,0.036395432525763,0.4549429065720375
393,Defense,0.090393256670045,0.003882649827964618,0.44101047629608614,0.19041574700717487,2.1360448474321245,2.080712910611574,0.02922978131245606,0.36537226640570075
394,Defense,0.2089751394892201,0.004341675369430842,0.47617743711537186,0.1802247423957794,2.9235197107392663,5.611324770876014,0.03409731793914431,0.4262164742393039
395,Defense,0.2599596337440233,0.00397759927472309,0.39450736593786545,0.19912083748052745,2.445014470103136,5.881077116466632,0.028727669469491696,0.3590958683686462
396,Defense,0.15652024918677315,0.005589835869770731,0.5251811146488208,0.19596903347846317,2.3360642856932134,5.1755567395592825,0.04694237223132939,0.5867796528916174
397,Defense,0.27393418515487344,0.003631372573681789,0.48109283562072747,0.18627477869779868,2.623235993168124,6.6556018937884085,0.030852512823793782,0.38565641029742226
398,Defense,0.16987422957864703,0.0034661190298118146,0.45361250550724086,0.20631516038440093,2.726680977429096,4.283924285065094,0.03202312597704757,0.4002890747130946
399,Defense,0.22270016954389607,0.004846873739555128,0.4801441278499963,0.1972852690026327,2.5423166998454203,7.001378150105913,0.03992201235849079,0.4990251544811349
400,Defense,0.07330011398576133,0.0029291272308269983,0.41065631998682667,0.1910276132348269,3.03548131128606,1.38942941998699,0.024070287521978852,0.30087859402473566
401,Defense,0.11757986773550876,0.00474000385515037,0.501388575961343,0.19623924876487475,2.6215722486164665,3.8025106915199265,0.04106642657539281,0.5133303321924102
402,Defense,0.1649869842612017,0.004411670070798781,0.44866053285762497,0.21249801821057537,3.1920763486687287,5.2149588202374835,0.04013752939429637,0.5017191174287047
403,Defense,0.28923622113340036,0.004144384975849954,0.4528575669733048,0.20781434225883144,2.9124692662573914,8.430268457085239,0.0370116258631057,0.46264532328882124
404,Defense,0.09696994115996552,0.00639607198428381,0.4427920534762081,0.20048471220629432,2.520977117361477,2.692632425415972,0.04510583380012009,0.5638229225015011
405,Defense,0.22092397342737294,0.0036805535474658626,0.43967720090390455,0.20797602300592774,2.4536240464670853,5.561816548163128,0.03196857307324068,0.39960716341550845
406,Defense,0.10880020164866451,0.007197182034618716,0.4843134714069943,0.19017585325741182,2.1410014803810244,2.902606030889381,0.04876411125302863,0.6095513906628579
407,Defense,0.1243350763697522,0.004064363541531862,0.4689567397536478,0.20210867382854952,2.9162932711467286,3.584452786021575,0.03660822199482746,0.45760277493534324
408,Defense,0.291586072997424,0.0031247707217507328,0.4828111849491064,0.20325819612614393,2.6581649810994565,7.112393327852137,0.030974080765270712,0.3871760095658839
409,Defense,0.022988952319192353,0.0043758243195042654,0.45969218586800503,0.19708660773629194,1.851121788774594,0.6089582269335486,0.033637039106128024,0.42046298882660027
410,Defense,0.04303195612004239,0.0032856145846780747,0.47796199338770134,0.2061395561808534,2.5857140508922396,1.088307904791359,0.03211516315789527,0.4014395394736909
1,Energy,0.18181932465226494,0.00625805637472685,0.23792510738909237,0.2103988516542174,2.6192196080585965,3.718049181109782,0.02543540535814999,0.3179425669768749
2,Energy,0.054205501387875596,0.0055661317964663575,0.21447495722692184,0.20981576672787566,2.5336489155518254,1.0290909547617197,0.02100332162656302,0.26254152033203776
3,Energy,0.2715575742535546,0.0037174354592017767,0.22549344269574495,0.22931326809877584,2.9736039293800425,5.286418069487126,0.019346111737396417,0.2418263967174552
4,Energy,0.32223347011563436,0.0030565237236709047,0.26218686322068097,0.21936470026619337,2.900741766118002,6.002737882613831,0.01851283106700771,0.23141038833759636
5,Energy,0.023875108497251687,0.002120754426035379,0.24010476519199844,0.2139444627845835,2.2380833809558687,0.2893203361366534,0.01204280665147156,0.1505350831433945
6,Energy,0.04281149084993864,0.00388463962614858,0.2519073491903918,0.2210489952207247,3.249071301825495,0.9371642227556879,0.021754517501543846,0.2719314687692981
7,Energy,0.1550619110630384,0.00814991786460979,0.26345277347707663,0.19498987733673057,2.7623221698596665,2.9766953662488183,0.031096147917657652,0.38870184897072063
8,Energy,0.10397492532458157,0.004961088459016105,0.22688054879858366,0.2156304649136184,2.3556275619137117,2.1904199851814954,0.02093596013952794,0.2616995017440993
9,Energy,0.1361350024956256,0.0038690578379097997,0.2664686857270432,0.2360369425880751,3.2755136457415492,3.411229142773847,0.02490205547417542,0.31127569342719275
10,Energy,0.06413745827524243,0.004998681354508796,0.2532594911210438,0.21738526587405418,3.0502702286384613,1.6164767051474713,0.02504677485458269,0.31308468568228365
11,Energy,0.3049739240117233,0.0030121813218091254,0.19678154195809824,0.21674093250172083,2.2941832032208342,3.963579797900988,0.012915731410820804,0.16144664263526004
12,Energy,0.2783225916095624,0.0041312220351919435,0.29048066769151853,0.22154308460644942,3.51087313610309,7.4911861747086474,0.026748303200902147,0.33435379001127685
13,Energy,0.1466715492949586,0.004562056298027199,0.22247393396850793,0.22501785324317092,3.063518947346477,3.184858752893718,0.021579352210593136,0.2697419026324142
14,Energy,0.3811851392166753,0.004355236582735596,0.18207166298851857,0.19608713388112886,2.7959215537499813,5.46733697249104,0.01425390918680752,0.17817386483509398
15,Energy,0.21050860024513518,0.005422763880896984,0.2034234701644794,0.1992385359921172,3.4360875222487115,3.8618948742380623,0.019773129062479997,0.24716411328099996
16,Energy,0.06377778192041021,0.00485042050249874,0.20426341937625872,0.21816471372088891,2.863719113531856,1.2576532935880458,0.019596821099978897,0.2449602637497362
17,Energy,0.19260545197505816,0.005259235114624561,0.24182606615301366,0.20891303519105237,2.788766769958387,4.265253568163057,0.023148506021338465,0.28935632526673083
18,Energy,0.05831000901194314,0.0037464586193801,0.23041523230588168,0.2291820534322266,2.535879953591204,1.1259388448404164,0.019189594630950386,0.23986993288687983
19,Energy,0.3047139207560513,0.005569793325317098,0.22821088113257923,0.21291005691117523,3.0327401757228314,6.50857883459339,0.023645965792273935,0.2955745724034242
20,Energy,0.13213640769648016,0.006686819386651478,0.26168956879188676,0.19671649345289627,2.990641186929592,2.772124290567205,0.027882640403786973,0.34853300504733714
21,Energy,0.11702551329097981,0.0034916231577165843,0.2518956376417446,0.2033816616415875,2.8058720559558843,2.081992019645166,0.017680421422714105,0.22100526778392632
22,Energy,0.07488334559329506,0.0035643445579467267,0.25106167547255,0.1885650406137217,2.4840054584529585,1.201223988474045,0.015941635091942023,0.1992704386492753
23,Energy,0.41532249105687685,0.006214281931147061,0.25434399600650426,0.21372054543719834,2.8519719416664295,9.436748422100429,0.028064155742648825,0.35080194678311033
24,Energy,0.12026426943314943,0.004242141020685138,0.2615647133800783,0.21417795953738364,2.772080485695145,2.6945057157713395,0.022265712568215534,0.27832140710269415
25,Energy,0.09399795818384477,0.006320886353895585,0.16622163303778947,0.21181717371220848,2.2666102725063193,1.3109701996248118,0.017521709832116723,0.21902137290145904
26,Energy,0.10067000647828461,0.0039839355731962215,0.22724466117074385,0.22685059120032486,2.2112750594703257,1.923240488283387,0.018985743242211296,0.23732179052764119
27,Energy,0.22315048567649776,0.006402352431465948,0.1636926477428684,0.2280469991751944,3.0260613515239076,3.5285606585796954,0.02012164259605941,0.25152053245074263
28,Energy,0.1920331010480084,0.00459870871694288,0.24126209743792282,0.21435791657646636,1.7592446739793242,3.863336173490018,0.019993117205747802,0.24991396507184752
29,Energy,0.20038238195880942,0.004746755357505172,0.2398378459721479,0.1947148641352589,2.882164210784504,4.01043532301033,0.019889601809713137,0.2486200226214142
30,Energy,0.20367121515136238,0.006580321482033406,0.2765936296176388,0.22223461661495003,2.60876677689847,5.063332810522047,0.032514571406924105,0.4064321425865513
31,Energy,0.9497995300398553,0.004065194042598615,0.28156720374523925,0.2216154030951132,3.323298642751964,24.179139198889704,0.025298978837216764,0.31623723546520954
32,Energy,0.09587014176282138,0.0035170535245929962,0.24709712668883285,0.2191557165115969,2.6026127163384496,1.8101080302391874,0.01876355964581114,0.23454449557263923
33,Energy,0.08716036034560279,0.003977935810472746,0.2224873622911085,0.2258765983031086,3.0637936857007584,1.7332764739673698,0.019762547731015427,0.24703184663769284
34,Energy,0.06644487424138613,0.004982778084742742,0.25698063893910084,0.20441351984541706,2.6412344635048832,1.5285819819633053,0.022862375785678037,0.28577969732097547
35,Energy,0.24060331484357117,0.0030085683311960997,0.221522882693649,0.23614935467187886,2.8454992613944574,4.084968252878081,0.016872567952345447,0.2109070994043181
36,Energy,0.3817794798283392,0.0052188226049235285,0.2399512571994828,0.2064675232786088,3.09473461236802,8.494745236113529,0.023079926093996856,0.2884990761749607
37,Energy,0.12473798141690393,0.0038892302807303778,0.2745147710936269,0.223554030082036,2.614977713470168,2.8743066463726206,0.02289963151249659,0.2862453939062074
38,Energy,0.06488570070189183,0.00592901005936521,0.22047800289037017,0.19918832386589394,3.1986219537993614,1.2303248771699435,0.02234483211809938,0.27931040147624225
39,Energy,0.06580757849599282,0.002445718683833396,0.2681987523734875,0.20675915393732694,2.4025208491574066,0.9583408594699439,0.014472321479347034,0.18090401849183793
40,Energy,0.24821656462751915,0.003655608824578593,0.26370904790423055,0.23122548727728082,2.9178371370233513,5.619340439229324,0.022498247495940104,0.2812280936992513
41,Energy,0.269804292779287,0.00291913417929048,0.20658228640042123,0.21345280258001897,3.169055889115141,3.7861889285329275,0.013945931654213957,0.17432414567767446
42,Energy,0.22533922692087172,0.0036195392169017238,0.274086294487609,0.22446102686135544,3.064014996716134,5.1365493135207965,0.022653158752115838,0.283164484401448
43,Energy,0.07592981023199172,0.004734236991693142,0.26444982208800266,0.21843135469721991,3.566577950694164,2.014238388776382,0.026362868354531624,0.3295358544316453
44,Energy,0.17032583708687882,0.004255011394013291,0.243567406058043,0.21501221925002573,2.4946242730757358,3.499659090477392,0.020419227857480376,0.2552403482185047
45,Energy,0.15351301147726576,0.004176859732121069,0.21331867896903217,0.22970030405935435,2.2483402994605646,2.8946646927285067,0.01873903313628081,0.23423791420351014
46,Energy,0.16827302979596503,0.004276384366262507,0.20992778934985504,0.21369521256350846,2.402265956601952,2.9464643383260647,0.017401263417801335,0.2175157927225167
47,Energy,0.3027943919302274,0.004682120737528733,0.2211818098083942,0.19825441973439276,3.0641770266193746,5.732802465044843,0.018815391394800523,0.23519239243500653
48,Energy,0.1690178100750018,0.0034582756081579656,0.2589908062152186,0.20802939989051042,2.9991691737077515,3.2026971664334893,0.018831179010289262,0.23538973762861579
49,Energy,0.2546246009393227,0.005310131005417551,0.20655311914095106,0.2215737180970444,2.8409026638589663,5.163249222216467,0.021401886908826707,0.26752358636033385
50,Energy,0.1468760836733048,0.005251798496883638,0.2553129287016954,0.22001689187365253,2.350817180357148,3.5247102864086197,0.02504981361873191,0.31312267023414886
51,Energy,0.17928479219348062,0.004899649052398784,0.19653855648925625,0.2003912183076731,3.1067469173316242,3.1599661802061703,0.017515925487341186,0.21894906859176483
52,Energy,0.24394127102146193,0.00511428424400357,0.23285759954464028,0.20881837561594546,2.3101180889397837,5.050561293804301,0.02104569769651121,0.2630712212063901
53,Energy,0.03723792989537769,0.004792291053676422,0.2438376714100903,0.210244587318005,3.26357983295076,0.858374184039959,0.022907897129770118,0.2863487141221265
54,Energy,0.10365457800329518,0.007401424057221185,0.3255795550770621,0.2124071048688852,3.942975369255946,3.056604270888608,0.04338005690709722,0.5422507113387152
55,Energy,0.09050749922784654,0.004354154964241626,0.19179395205678712,0.20230266492401194,2.94658045862862,1.434544733370641,0.015751562354479387,0.19689452943099234
56,Energy,0.07777173307760891,0.004121154289987306,0.29152050982715466,0.20977808972883266,3.033243254263097,1.8957273771320917,0.024224131292616226,0.3028016411577028
57,Energy,0.10789300854004853,0.0036859275407387735,0.2452444844895548,0.20877569595743217,2.602856092441776,1.9700903242197243,0.018146252151530977,0.22682815189413721
58,Energy,0.5307097600923671,0.0034378230217234048,0.2543910171305587,0.22377713340764666,2.075914671565273,9.980760401464472,0.01868962820489292,0.23362035256116148
59,Energy,0.06340356539705079,0.0032601921953768773,0.24414217696858714,0.2241530139199299,2.558912254787911,1.1496937749929177,0.018020324452004462,0.22525405565005577
60,Energy,0.3303717777825421,0.0035633630213742855,0.2555654386368331,0.2146036962291393,2.3628419035605,6.22631335003053,0.01872932560352196,0.2341165700440245
111,Manufacturing,0.20433266566618433,0.0014439196833108939,0.5120589401390052,0.22217075272204714,2.756181972821553,3.799476180518693,0.02125092665856597,0.2656365832320746
112,Manufacturing,0.17118248352792792,0.0019832907474075694,0.4504913965709448,0.21676482084129906,2.7985372137362927,3.428678551088054,0.022890716923339716,0.2861339615417464
113,Manufacturing,0.08096630985263956,0.0013099707674189742,0.41967129055531316,0.21886277588069944,2.964495217827579,1.1452964576298166,0.016166109579076333,0.20207636973845416
114,Manufacturing,0.037611732322666826,0.0020907418763497117,0.45158469810253804,0.22007454915229427,2.6794314482726067,0.7918850654966084,0.02406194683245918,0.3007743354057397
115,Manufacturing,0.14747883256901081,0.00152850281617351,0.4635710954034201,0.2125078468062089,2.7957535755753637,2.4536076455813065,0.019013732172102324,0.23767165215127906
116,Manufacturing,0.08581764708914895,0.00135700459677558,0.46276460507190037,0.22460985582995827,2.496316296273967,1.3689423021970542,0.018230580088032102,0.22788225110040128
117,Manufacturing,0.17040478427830036,0.002235340275420277,0.49967881675648457,0.2484310085752981,2.625079321294686,4.833974252405379,0.032420110891525654,0.4052513861440707
118,Manufacturing,0.14095420233796652,0.00198645086455634,0.4473555351248794,0.20151869569788314,2.643013672021454,2.5327360189232304,0.02053543209203291,0.2566929011504114
119,Manufacturing,0.5842734460152917,0.001603909731142754,0.4723212065131024,0.22252868733304368,2.6860392543276146,10.782333644837447,0.021090581998396786,0.26363227497995984
120,Manufacturing,0.11142458961959315,0.0026878272221518866,0.4253980497697888,0.21168666120495483,2.9090159230331043,2.563539656315331,0.026293654005994618,0.3286706750749327
121,Manufacturing,0.055015796724794716,0.0016749366195291848,0.4757611047315335,0.2250625878663364,2.8220582727779324,1.0821579590505384,0.022479942613340933,0.28099928266676166
122,Manufacturing,0.16240872830326863,0.001885070742473115,0.4601087992564973,0.2197541368244225,2.6176868011600734,3.2126258778857353,0.02260698960103561,0.28258737001294515
123,Manufacturing,0.1684712506768811,0.0020000392248370425,0.4337565331600419,0.22690710983156853,2.276349606023584,3.321031774971514,0.02252885801246428,0.2816107251558035
124,Manufacturing,0.46967309880428143,0.0016016301388008165,0.4517459723238802,0.2310436278562317,2.627068503225084,8.648490339788818,0.021044400850127102,0.26305501062658876
125,Manufacturing,0.29305732016777214,0.002103752183049041,0.45355384887196726,0.2212127732688257,2.5887928860417024,6.220140211244442,0.024257137361127775,0.3032142170140972
126,Manufacturing,0.19055713174295494,0.0016365254135960123,0.4505445704732017,0.23060908497528568,2.6772726319252795,3.5601479423645137,0.02135181437894344,0.266897679736793
127,Manufacturing,0.5158111461369108,0.0016871299828722225,0.521996943479369,0.19584558315325712,3.482610122856161,9.885134679253111,0.021902002042605437,0.27377502553256794
128,Manufacturing,0.04741228401886213,0.0026289882880140307,0.45655438991922426,0.23519308507030412,2.390490888583506,1.2605411949342331,0.030384921087605526,0.3798115135950691
129,Manufacturing,0.07771060395176152,0.0014416552285613676,0.4514636361437932,0.2230391836100673,2.7689156076501438,1.2801842038007556,0.018827130238168913,0.2353391279771114
130,Manufacturing,0.06003031912055047,0.0010230039499790455,0.3865892164836451,0.2300669956485957,3.0273848268977193,0.6981355779355588,0.013291104288886154,0.16613880361107694
131,Manufacturing,0.09731365102859561,0.002797350389268178,0.4287027426807183,0.20708980464272866,2.639200765639753,2.2123507735826977,0.02598197536902137,0.3247746921127671
132,Manufacturing,0.040034859725899034,0.003536969966735079,0.45079243014402764,0.21098086327509052,3.535138047668866,1.2350125421908762,0.03525534783997063,0.44069184799963285
133,Manufacturing,0.24479079618928665,0.001689818479361057,0.4359951563338175,0.22074794503259162,2.4487842833074094,4.2068722631268765,0.019640664967176417,0.24550831208970522
134,Manufacturing,0.1131560311761224,0.0011522642512232528,0.508359765768223,0.21911818319776927,2.729635688928019,1.7340233745526745,0.017513348417145153,0.21891685521431442
135,Manufacturing,0.03678324473877327,0.001730339162214143,0.45422717786113237,0.2221192479712438,2.2804777020428073,0.6661335706002649,0.020696801347026436,0.25871001683783046
136,Manufacturing,0.05540927106221791,0.0017408660049485906,0.5050955487261388,0.23013371370044355,2.459390105942683,1.1895472276636438,0.024535290211177348,0.30669112763971684
137,Manufacturing,0.18326451809285363,0.0017832855377356766,0.4621596621917629,0.2016363589381154,2.6995735641586633,3.1618536657612113,0.01971765775606048,0.246470721950756
138,Manufacturing,0.2938536962386006,0.001415653724309034,0.4613029742747552,0.22902675280831697,2.938521624923092,5.117096514579517,0.019901435228597896,0.2487679403574737
139,Manufacturing,0.8336602148165185,0.0021615568295218403,0.4568921243300625,0.21937138119072316,2.72763793360943,18.182494803503758,0.024926215371475602,0.311577692143445
140,Manufacturing,1.9031093355201656,0.002132010166219819,0.4601328688067511,0.21725074347989842,3.1036459397338945,42.10193215879666,0.025283094879368143,0.3160386859921018
141,Manufacturing,0.2006850152294094,0.0012870297265654132,0.5201578251067451,0.204577409747295,2.5620138757629314,3.0882552365090588,0.01758693618442685,0.2198367023053356
142,Manufacturing,0.05672322804292814,0.0022271831237504944,0.3788136245637074,0.22431904877491254,2.467132588064398,1.0554493238319007,0.021265147282382383,0.2658143410297798
143,Manufacturing,0.020285907798725657,0.0031239857682615678,0.38994589894464626,0.1951474835808335,3.6815940429117546,0.4571018938576539,0.02575197371455884,0.3218996714319855
144,Manufacturing,0.17586355112249646,0.0019521445040709075,0.44098902091303605,0.225772502203531,2.7576950597768124,3.5769509813774434,0.023244975736158375,0.2905621967019797
145,Manufacturing,0.06649462482882136,0.001718766943377711,0.4605084758678149,0.20436750373641396,2.312207381608581,1.0970449972122227,0.01885514377030145,0.2356892971287681
146,Manufacturing,0.09510167347224546,0.0018047780626864734,0.48415365486674045,0.21982314121731863,2.3222944951007727,1.8741522570467093,0.022522088366749494,0.28152610458436866
147,Manufacturing,0.07966903424502392,0.002180932685322548,0.4765580519309617,0.21809687371786468,2.222928034187464,1.7389729480140117,0.024945672728514192,0.3118209091064274
148,Manufacturing,0.12176053679771372,0.0012132109584694515,0.44655139304918007,0.23098394356408272,2.974627742342715,1.8581242643192948,0.017440548831691372,0.21800686039614214
149,Manufacturing,0.3607374138639403,0.00194845374474549,0.4956665292634617,0.21750201040100497,2.4542490828427033,7.670602862474726,0.024301342013573674,0.30376677516967093
150,Manufacturing,0.159192125816153,0.0016960846429103966,0.4960568391103456,0.21234717647968723,2.6509449902625946,3.0201848775674436,0.021682227323625868,0.27102784154532333
151,Manufacturing,0.11982073456377347,0.0029680188729795105,0.4664420240945048,0.21422253513143186,2.5745965302246927,3.203251156397106,0.0305527960396986,0.3819099504962325
152,Manufacturing,0.05441716966949138,0.0017903215622168938,0.49369301503703944,0.23201738977869052,2.892596963176374,1.21829741693812,0.02558640799454778,0.31983009993184724
153,Manufacturing,0.030616939992222814,0.002837462973246833,0.4695425842201245,0.22465153178295283,2.261302362846392,0.8252938459524737,0.03080624540017432,0.385078067502179
154,Manufacturing,0.08921872886194335,0.0014190721696821377,0.4403480940625991,0.21543226227591228,2.169771085542794,1.2920841775017542,0.016551094711465403,0.20688868389331755
155,Manufacturing,0.13167856046461865,0.0021657207642596242,0.4844235893650002,0.21692409789149875,2.689718922872638,2.997875605735121,0.026018993048850608,0.3252374131106326
156,Manufacturing,0.6785139388939473,0.0020254431108917294,0.46387145929025375,0.20361679118528941,2.840383713879959,13.1882692448616,0.022213703867282057,0.2776712983410257
157,Manufacturing,0.15540197855365903,0.0015048250098267527,0.4600468946364071,0.2231733040996593,2.7330129252390565,2.6862755557883626,0.01975540617428636,0.24694257717857948
158,Manufacturing,0.33469968278350515,0.001954799165519257,0.5115533750266351,0.20169040501418922,2.276218508361069,6.607262176033725,0.02256099172192616,0.282012396524077
159,Manufacturing,0.0881819295685874,0.0025321484701793136,0.37421947550109697,0.22680652674949844,2.8709939368365576,1.8579231943521914,0.024079091985550617,0.3009886498193827
160,Manufacturing,0.04757553748516157,0.001724592006943777,0.41038105404441505,0.22057477801605654,2.3024556291617464,0.7710792742817234,0.018522827127214682,0.23153533909018353
161,Manufacturing,0.05798376250398183,0.0012250084826366404,0.41845253507689706,0.2431580800868831,2.3913845420854467,0.8530118811116212,0.01681282274849754,0.21016028435621925
162,Manufacturing,0.07195670670851724,0.0018618073774844003,0.44728587733509184,0.20828720655390084,2.2224185901111992,1.2421946373595523,0.019729238302635718,0.24661547878294648
163,Manufacturing,0.9386013669440179,0.0014923210463732924,0.45108871405818896,0.21826194118073755,3.1204633394608123,15.837251203690567,0.019283709036447837,0.24104636295559798
164,Manufacturing,0.06599111351377605,0.0017166130563350899,0.4072436023279434,0.23727143910037451,2.8533686164109398,1.2131753015055744,0.02101019341905901,0.2626274177382376
165,Manufacturing,0.29394961758507704,0.0018322440793161123,0.42551946886912106,0.23120245849405804,2.8419973502715496,5.718989974245804,0.022235063939498107,0.2779382992437263
166,Manufacturing,0.06132169161221251,0.0012208231897002624,0.42987054125167506,0.2123264415753449,3.09888456845698,0.8197287340093016,0.01527734826351722,0.19096685329396526
167,Manufacturing,0.31963630805561594,0.0012486011516977078,0.5460098432226562,0.22152823637487837,3.7250596992954894,6.105156343141778,0.02182893920112836,0.2728617400141045
168,Manufacturing,0.19543424302399875,0.002109508832844368,0.5230609681711501,0.21930855565529475,1.916309558435938,4.488235902122617,0.026246231879327453,0.3280778984915932
169,Manufacturing,0.12003627546482278,0.0016409227840958774,0.4455887703810373,0.22210812076508546,2.304649367649157,2.055909467910734,0.019574172985382034,0.24467716231727543
170,Manufacturing,0.13323064870356735,0.00098486800231823,0.4472745848392621,0.2123017577312956,2.3535299663301905,1.4886796578795565,0.012769945932029557,0.15962432415036948
171,Manufacturing,0.07666606517232771,0.0022753853894647044,0.4197778600984097,0.21839535806413654,2.259672151046923,1.5264559095449108,0.022754800778657616,0.2844350097332202
172,Manufacturing,0.2064860967126293,0.0020017681593867665,0.3932154355371157,0.20330803833837674,2.168966700958515,3.1909902188923636,0.01766146012980139,0.22076825162251737
173,Manufacturing,0.09176977253868293,0.0015643489403162074,0.4559091934757017,0.22063979660982472,2.480138774377854,1.562144287012956,0.01945420269875563,0.24317753373444537
174,Manufacturing,0.045865945479123836,0.0013454531598123037,0.4250751805864591,0.22378876882536222,2.113358513884238,0.6443399792325957,0.016055235316790033,0.2006904414598754
175,Manufacturing,0.043755804734351096,0.0023045614659059515,0.4570302313918297,0.21701436796470505,2.7340169470149656,0.9863793741692526,0.025763226620565242,0.3220403327570655
176,Manufacturing,0.16143413497148779,0.002040665717045698,0.4039927952834783,0.203138053185296,2.620679328571446,2.692744726820574,0.01906302248580406,0.23828778107255075
177,Manufacturing,0.5724642175058231,0.0033925742586027635,0.433330893959141,0.22917388071965852,2.792411465905462,17.234780466169077,0.0344072019857481,0.43009002482185127
178,Manufacturing,0.1596143435346577,0.0020771267749217035,0.4652019483355991,0.2229338124710719,2.8030913806553013,3.536173799645945,0.025319413003958124,0.31649266254947656
179,Manufacturing,0.12421247496820892,0.0020603259865541457,0.47281733592243785,0.21202841111413412,2.8412027413706706,2.6194892309907325,0.024101459849675603,0.30126824812094505
180,Manufacturing,0.17875419077148216,0.0017935671325875976,0.4746115185559705,0.21648255762276325,2.450636425270447,3.4071324255997464,0.021783352952181905,0.2722919119022738
181,Manufacturing,0.4477207302531831,0.002293622390415219,0.4137828855545037,0.2042818680633255,3.448457361053467,8.926897587122067,0.022786902597133236,0.2848362824641655
182,Manufacturing,0.16837815150931335,0.0021862980626719554,0.48991400055474466,0.20903446081336485,2.693772446592839,3.729102917066366,0.025311074311104867,0.31638842888881086
183,Manufacturing,0.09548160324787595,0.00255708946255368,0.43199259061893525,0.2139104486275725,1.855006098950082,2.00318894737406,0.023976962253719317,0.29971202817149145
184,Manufacturing,0.3740643867139265,0.0016414954747972774,0.48215002701125576,0.2315727702139454,2.199049701693513,7.251232852186353,0.02215426956958428,0.2769283696198035
185,Manufacturing,0.20329312339491326,0.0016771342991841322,0.4596276463183633,0.21289352818226914,1.9037988043888738,3.3459790624742443,0.018810159475836058,0.23512699344795074
186,Manufacturing,0.5505669102758899,0.0016589131153524174,0.4118264375322718,0.22569069868443148,2.606933851660523,9.18562109893912,0.019067351285679993,0.23834189107099993
187,Manufacturing,0.16298841000780523,0.0022787769216544955,0.44893308033965845,0.2139054000625281,2.5512779103786665,3.466345261756116,0.024305638921302924,0.30382048651628657
188,Manufacturing,0.04591289305116584,0.0027197284504770327,0.47278773097223187,0.22176803769966263,2.4126297208402168,1.205248858758896,0.030000881574114797,0.37501101967643496
189,Manufacturing,0.04034327931884742,0.0016673379415019834,0.481453788316611,0.21787460706970588,3.4043704449602057,0.8029694420331092,0.022746771651129396,0.2843346456391174
190,Manufacturing,0.6106984117615749,0.001681598785511373,0.45506542358944535,0.2280191280920713,2.8195931496307645,11.714201666173574,0.021921882862669436,0.27402353578336797
191,Manufacturing,0.6520147922944011,0.0020227495249129867,0.5136122611710369,0.21394044870895831,2.890439344578534,14.962980843163251,0.026227241677858112,0.3278405209732264
192,Manufacturing,0.11758962497583934,0.0017585648598309168,0.4952628769845296,0.20356327959111947,2.2275706048231587,2.0966686969895987,0.02037758685812526,0.25471983572656576
193,Manufacturing,0.09789539508551666,0.002372518013629376,0.4510171059260087,0.20546907177750756,2.2003420434675953,1.991429458685452,0.02324848251918969,0.29060603148987113
194,Manufacturing,0.5149490499071053,0.0010650205643371556,0.48625426342479305,0.21396978715171633,2.614722199638782,6.841420377973888,0.015183572331410933,0.18979465414263666
195,Manufacturing,0.051030678275743965,0.0015208390195828032,0.5276827719815865,0.20679796238436338,2.6692028558608905,0.9211957592278216,0.02063063218000851,0.2578829022501064
196,Manufacturing,0.06177592858391514,0.0015377715875008996,0.528616961027406,0.2233906822479394,1.8574753731542173,1.1622878291749807,0.021502371199878852,0.26877963999848564
197,Manufacturing,0.24659867453406686,0.0010469167624968985,0.4170200041712126,0.21463088044256312,2.5278771908601865,2.7658378693316323,0.012818226095184307,0.16022782618980383
198,Manufacturing,0.0968945709480085,0.0014696566760045093,0.42757134110949974,0.2430346275914082,2.605628833149402,1.691205782669401,0.01994752223839384,0.24934402797992303
199,Manufacturing,0.1375735138593916,0.0014875781604610995,0.5119721575356848,0.20191141613977256,2.5139403336915485,2.2724992060901434,0.01887821192436607,0.23597764905457586
200,Manufacturing,0.1193033598641611,0.0017783078520464087,0.4229601632206827,0.2213248938782419,2.2746438350613296,2.0417508744501505,0.019558791751188034,0.24448489688985042
411,RealEstate,0.03640846282579021,0.008328086122284046,0.40534029396262367,0.18479761268073266,2.8395863882980192,1.0567977652646943,0.04604425465361791,0.5755531831702239
412,RealEstate,0.01692029167777963,0.0110987330205299,0.4980406144493342,0.19770015430493837,3.830271036868264,0.6304481635663686,0.078769055848183,0.9846131981022875
413,RealEstate,0.07506317590727002,0.01154749068515506,0.3651224354249325,0.1981205349424901,2.5188885552426763,1.8327882820881618,0.0537048714460639,0.6713108930757988
414,RealEstate,0.2713090590271285,0.0086023094632044,0.46413280632470444,0.16343034842020654,2.6234596801063788,7.692169301286657,0.046455837915064926,0.5806979739383116
415,RealEstate,0.106951177019001,0.012863886904455226,0.467876760775234,0.20450500426227836,3.64398785724228,3.6189988509678046,0.08291169364562777,1.036396170570347
416,RealEstate,0.16513761792070492,0.013422730475642825,0.3901744417912042,0.16212562157364965,3.7427052629855853,3.639204964496405,0.05634327238453379,0.7042909048066723
417,RealEstate,0.3683611517600016,0.014391648508442802,0.49802457636945907,0.18644145697161593,2.9020068245097437,10.914466243247489,0.08122316713706969,1.015289589213371
418,RealEstate,0.4565442459133578,0.011472191611868552,0.45484215990308613,0.20285542756975475,2.9471656708764358,14.763214044724194,0.0706618708426542,0.8832733855331775
419,RealEstate,0.12987129989571228,0.014131831590377926,0.4539898652388019,0.18942907997465278,3.4464941586213254,3.742014750127899,0.07755886723457968,0.969485840432246
420,RealEstate,0.46731119264125204,0.006280019135386741,0.42098077654590565,0.17794008740248177,2.269160081221876,14.196073711054503,0.03633822639435915,0.4542278299294894
421,RealEstate,0.1501571020668298,0.009282175956169793,0.4123970844623463,0.18166457661001048,2.4555225261977776,4.0670667703215475,0.047887913795416265,0.5985989224427033
422,RealEstate,0.06504697486344807,0.008091558197913816,0.4126706910536137,0.20287100469038338,3.0877066396597153,2.1919927004266775,0.05193795653690912,0.649224456711364
423,RealEstate,0.08094806559576496,0.010354064001452794,0.4336685708711831,0.17338690192169082,3.8199562264516507,2.3435580169246992,0.05709798420874512,0.713724802609314
424,RealEstate,0.0364625329632114,0.008712077921131966,0.46904151962618634,0.20389185823679737,3.0257079647333045,1.3613772335595349,0.06195753009987502,0.7744691262484378
425,RealEstate,0.06214358733434196,0.00964108037094467,0.4263459976251497,0.1920509262367543,3.240374716694062,1.9369319046963167,0.057237997682933105,0.7154749710366638
426,RealEstate,0.10013838519179499,0.016088687005823672,0.38809947319019483,0.18067799392275286,3.653515709025605,2.2701076088925194,0.06947157741294556,0.8683947176618195
427,RealEstate,0.28485908459438286,0.009632498920021638,0.4488549471834743,0.18677079650415027,4.042753893311259,9.625191588381194,0.06199532971729924,0.7749416214662406
428,RealEstate,0.6503176582952137,0.011145331534853815,0.45224027612381773,0.18242970381616078,2.969260610740675,18.924886302480424,0.061779077731536916,0.7722384716442114
429,RealEstate,0.03983734291904079,0.009483043433400522,0.4429130834956725,0.20126419923576247,3.1932653105066295,1.3602281929507312,0.06167509744049909,0.7709387180062386
430,RealEstate,0.19682456952369098,0.010242041413138923,0.44609246172837436,0.19992622532480558,3.928822088537137,6.897617752635606,0.06836708091828396,0.8545885114785495
431,RealEstate,0.05417819684557955,0.010065128284499956,0.4105175154444767,0.17541033588841673,2.591120289923429,1.3830262218303153,0.04894021564475329,0.6117526955594161
432,RealEstate,0.2118747885519475,0.011241964997171172,0.3874853791504297,0.18856602604198386,3.611032428221529,5.722127271505904,0.057831060491884655,0.7228882561485582
433,RealEstate,0.12282862791825566,0.013448929588623546,0.3896132299275727,0.18397009060373443,2.792673787055497,2.8577693879774646,0.059601336129974834,0.7450167016246855
434,RealEstate,0.026601107686483775,0.015171537413974744,0.36275878630397496,0.20553704691177088,3.240988946841263,0.6378500970738323,0.06929297278262705,0.8661621597828382
435,RealEstate,0.3186952741987082,0.010858820021684838,0.4282932014041082,0.17910095604591297,3.1029523810398905,8.786886287462641,0.05702728741441695,0.7128410926802119
436,RealEstate,0.08017946694831075,0.011645960201016624,0.4170792925870692,0.20864423827402734,2.8167953597195083,2.411574211112388,0.06671960470050098,0.8339950587562622
437,RealEstate,0.08547790196575822,0.007537243315979438,0.4046004303414602,0.19226899983200782,2.80675922893669,2.669579313019273,0.04483758429744449,0.5604698037180561
438,RealEstate,0.052772537398491706,0.00983161731294715,0.31655334114792255,0.1809826031633763,3.310565745701502,1.1443955884261783,0.040610081482962954,0.5076260185370369
439,RealEstate,0.07670087769389167,0.012713253102559881,0.37634388856070405,0.18582920538708442,3.598215731265073,1.8910863582247668,0.05970468590826231,0.7463085738532789
440,RealEstate,0.20313473887345954,0.01247921916540599,0.45922942279911083,0.18458575881949268,3.148105518724599,5.909135051187563,0.06914612138084228,0.8643265172605284
441,RealEstate,0.11656489932988724,0.010595984066743457,0.3967380899977904,0.17985576320702212,3.2280452634932866,3.0454414823579365,0.05273081202182706,0.6591351502728383
442,RealEstate,0.1857801346213057,0.012543105152856702,0.4326207087179894,0.19355021582448095,3.428469626516419,5.45223377887281,0.07011661724887958,0.8764577156109947
443,RealEstate,0.19142532199036713,0.011361884762846972,0.371326009950866,0.18032279172025875,2.811352490794816,4.432679872402887,0.050113883404140434,0.6264235425517555
444,RealEstate,0.4536670643167529,0.013567119736992383,0.47035469188257306,0.1707982851397953,3.4958770033651696,12.423260457410862,0.07076633333191289,0.8845791666489111
445,RealEstate,0.10152048134282587,0.010803956652429343,0.4149590318980863,0.18880518251869546,3.527737238823899,2.9650149996480093,0.06010308388028003,0.7512885485035004
446,RealEstate,0.036583454134775976,0.009194891477168222,0.43015141387692374,0.17457338526299837,4.241450519500164,1.136532516290421,0.05441071859354905,0.6801339824193631
447,RealEstate,0.36114093198056596,0.010930236599351105,0.501402292715859,0.185080338546502,3.0495583237761674,11.987641569077828,0.06910783602225046,0.8638479502781307
448,RealEstate,0.10255802599258085,0.00483037469153065,0.4730754035206291,0.18351091834114364,3.016767279332749,4.037493656892983,0.03749323387388484,0.4686654234235605
449,RealEstate,0.37687037696703085,0.011059547351192127,0.40927020325495295,0.18388978650691906,3.5075863486294985,10.453254169714631,0.05843022480966489,0.730377810120811
450,RealEstate,0.19515761270995077,0.004036869148137278,0.3992372935295374,0.21261157824307872,3.5276416675648554,7.068537610716797,0.03449489101734536,0.431186137716817
451,RealEstate,0.12282300353204806,0.006531958244620741,0.4086059245968164,0.1931660628988729,2.9859651386493153,4.144617838628115,0.04198448930698979,0.5248061163373724
452,RealEstate,0.18917384463490478,0.011251650001999859,0.4378464386966787,0.1950556573171305,3.0387349292279806,5.729760946004898,0.06491309608843744,0.8114137011054681
453,RealEstate,0.8000541434146455,0.011324346537505072,0.4163171553012195,0.17483796426375425,3.4164523352872163,21.090459344136164,0.056861787409204924,0.7107723426150615
454,RealEstate,0.8960987121176093,0.007515484103824623,0.40616645492487846,0.18606231589080796,2.8689663037061357,27.25881514405754,0.04354605116048248,0.544325639506031
455,RealEstate,0.147114489261046,0.008411056783315697,0.47135134377481647,0.1947549735265923,3.035786404793994,5.319150390183626,0.05792660590311679,0.7240825737889599
456,RealEstate,0.15964293011329042,0.014156981316258598,0.4160026537877757,0.18235665809804713,3.235837106947374,3.9879672279166147,0.06736173211578168,0.842021651447271
457,RealEstate,0.36408386601994763,0.008904574216449468,0.5004856182563062,0.20168257566235703,3.5983754739289036,14.845497632408371,0.0691587572380462,0.8644844654755774
458,RealEstate,0.0645650453726306,0.017607108501033662,0.42317598973132603,0.18057498136816688,2.9581605535281836,1.4609302848911931,0.07588584398015535,0.9485730497519419
459,RealEstate,0.18651868764033513,0.010045177526292191,0.4824861437978655,0.18973828586852542,2.4630462151877315,6.023264060988198,0.06178853027014102,0.7723566283767628
460,RealEstate,0.13502926562797463,0.011129304546292844,0.43250617979487194,0.1867414308274216,2.433361012992716,3.694055290907307,0.057994152886082145,0.7249269110760268
461,RealEstate,0.18332957527425103,0.015056220591388718,0.45370362006373066,0.19424515382099636,2.696234773317547,4.989396688035359,0.07804986707747202,0.9756233384684003
462,RealEstate,0.06528329440712796,0.010384656846069986,0.39463861319687965,0.18619704650862293,2.6747329127200254,1.698372076628116,0.05145927051775619,0.6432408814719524
463,RealEstate,0.033054488172700736,0.007822362659785595,0.39011842720944057,0.18989301095646782,3.1381556965520367,0.9945190396150513,0.04482923301143535,0.5603654126429418
464,RealEstate,0.021393411657179777,0.009778056785167109,0.4360897084255245,0.19024064630939733,2.7244479385609583,0.6455603689920967,0.056201779246544396,0.7025222405818049
465,RealEstate,0.05055806101078197,0.009960925116417324,0.45459936348628605,0.1852580696532642,2.9188980160715188,1.559219443457462,0.05851365192652836,0.7314206490816045
466,RealEstate,0.09146536207806864,0.007144817162310015,0.42140897757001616,0.19745288591214832,2.8903656460071803,3.1413032175164397,0.04673960279942481,0.5842450349928101
467,RealEstate,0.1061545098147808,0.009427346017370162,0.3749762332720706,0.19498583097555144,3.0237968556608026,2.93314170817671,0.04961634175946344,0.620204271993293
468,RealEstate,0.7901921523586609,0.00834802188673805,0.3723909571798735,0.1917158077746455,3.729001732609249,23.42950801174663,0.047147072625971766,0.5893384078246471
469,RealEstate,0.3739649713173774,0.012662717850400147,0.3700502259234815,0.1882973638925576,3.464779035772207,9.114344913205215,0.05878440973486844,0.7348051216858555
470,RealEstate,0.05814187217850521,0.010137339662613012,0.35813322604712167,0.20056738753237716,3.2064517661104017,1.562218984409027,0.051882105677201557,0.6485263209650195
471,RealEstate,0.1889921930775066,0.009364010746034506,0.42383198758064805,0.19024360478903538,3.015589487767665,5.758011289929155,0.05434145311375759,0.6792681639219699
472,RealEstate,0.09581293414515607,0.009786727704058163,0.4593765372597809,0.1895349743489178,3.0267069373507915,3.1045871564260272,0.06040291782065077,0.7550364727581347
473,RealEstate,0.10700126387374881,0.010626523992432708,0.4195304474576317,0.19364884752605846,3.33109858798078,3.217902314540303,0.060871761897823354,0.7608970237227919
474,RealEstate,0.1632954578785444,0.011725619918253487,0.34088548349317516,0.20956781405688568,3.433667629340916,4.216342468764653,0.0576684505919404,0.720855632399255
475,RealEstate,0.24129544747910964,0.00782751098292415,0.41332338388829076,0.17919838514696515,2.83695299755976,7.054507595846136,0.04358950723805936,0.544868840475742
476,RealEstate,0.10184331095243598,0.00774599337916515,0.41430203511785874,0.20030051615773073,3.2145923022456926,3.483127263741828,0.05046086033706363,0.6307607542132954
477,RealEstate,0.3600469645387108,0.013246620169625672,0.49335995625789036,0.17367023561479614,2.3873521725347895,9.739895828776683,0.0682560164395836,0.8532002054947949
478,RealEstate,0.04945304813930359,0.009065612563115751,0.3690001730478155,0.19477467880946342,3.284685513668239,1.3893091368891055,0.048511385433155856,0.6063923179144481
479,RealEstate,0.1389999059703927,0.007052358580892621,0.40632628390902814,0.2083527755032645,3.5048596967834746,5.145068061005763,0.04972235619735814,0.6215294524669768
480,RealEstate,1.431781073886224,0.011229293016273702,0.47970484381905976,0.19748863247185025,3.08797254924765,48.35919779214608,0.07224296825877354,0.9030371032346692
481,RealEstate,0.1689393659010884,0.01128433054562594,0.43574924194712916,0.19430819801257512,3.9266107984560423,5.411225227054042,0.06884640172042673,0.8605800215053342
482,RealEstate,0.5020306414018156,0.006854420826164163,0.43971595757307486,0.18699745253914643,2.84750462102558,17.119247326025814,0.04452110165346237,0.5565137706682796
483,RealEstate,0.15007516384453176,0.010643432799073137,0.4240104552958357,0.19291241923206273,3.286976166121305,4.5253345281297515,0.061131391585784435,0.7641423948223054
484,RealEstate,0.23309998608102414,0.012078999999867576,0.4315480238530042,0.19008131907314363,3.185670101333618,6.669206415680178,0.06582692823794871,0.8228366029743589
485,RealEstate,0.1313234318232594,0.011036072739361193,0.44721633355974877,0.18474218114786364,3.1598809330226367,3.8996703325709414,0.06242246606574889,0.7802808258218611
486,RealEstate,0.11855787968443478,0.011770165771886509,0.39166797883875315,0.1897031910724285,3.154271132798101,3.094634047650771,0.05851970818950658,0.7314963523688323
487,RealEstate,0.06852741906364294,0.007074560772540196,0.450732050261787,0.1945857588334416,3.2428420120037886,2.5529565578869327,0.0502017928845802,0.6275224110572525
488,RealEstate,0.20357598454014825,0.010917125174559287,0.37194489440900613,0.1849297765418708,3.53918349738548,5.19864804524475,0.053102242156355825,0.6637780269544478
489,RealEstate,0.06422449180688061,0.009317717494103681,0.43149287904910383,0.18453912902033034,3.751094494509898,2.0406353108256745,0.05639167002472485,0.7048958753090606
490,RealEstate,0.2515884992213395,0.008907335001902654,0.42625593371502146,0.17899951285125545,3.1990999021983373,7.453391805502728,0.05026337540223623,0.6282921925279529
491,RealEstate,0.36706039719709604,0.012493537827859684,0.3984297419132762,0.19650919748806614,3.5261264288686536,10.1685271744538,0.06592447137816451,0.8240558922270564
492,RealEstate,0.19222111827208868,0.014547094197691552,0.41920601536360236,0.19805517984684778,2.9192932214932874,5.086177513869648,0.07331745168871805,0.9164681461089755
493,RealEstate,0.10681990016828363,0.015739368919963147,0.3982110946567056,0.19491855166954236,3.506382181090493,2.6764870264787946,0.07511747593112458,0.9389684491390573
494,RealEstate,0.20795820497911666,0.013961095973479953,0.3824904535598389,0.20225365215446384,2.895203390469204,5.205017072164111,0.06655892628624895,0.8319865785781119
495,RealEstate,0.10468568143911598,0.009778040333757116,0.40762348404352244,0.19348062359798446,3.636263974435253,3.2221994860386096,0.057326794802757514,0.716584935034469
496,RealEstate,0.3207815986245312,0.010976456658056275,0.3813603977619918,0.19652205660083474,4.084256350957296,9.299315438813883,0.06061001557351639,0.7576251946689548
497,RealEstate,0.0265891336981889,0.012173705665205146,0.43129791124326367,0.19564032148355281,3.1511664448114436,0.7792865440322049,0.06796048715730445,0.8495060894663056
498,RealEstate,0.10217851894463713,0.010359118246111408,0.37974700770466724,0.19168654703299512,2.322982603677037,2.5671892147993463,0.04957489045069764,0.6196861306337206
499,RealEstate,0.023035518443820627,0.010383974263508414,0.4449191958046868,0.18729372894588073,2.980770826702071,0.6962820677477563,0.05978490162831169,0.7473112703538961
500,RealEstate,0.035989000616095605,0.012348207581925725,0.37864823262249125,0.2147434733850963,3.6927500537157214,1.0584964885089434,0.06917740283654635,0.8647175354568293
276,Tech,0.19559183196003765,0.001841011423272774,0.5208174360640094,0.21291542330546642,1.0744880534750414,2.9053917760410655,0.021220516411476154,0.2652564551434519
277,Tech,0.06954796175845795,0.00133142253431605,0.49900876928083976,0.19647823911030965,1.7887646549152785,0.7513788869521706,0.01543393052494645,0.1929241315618306
278,Tech,0.05078483445924345,0.0019325949123928658,0.5767024608197618,0.2120529333753515,3.0544756634224326,1.01467630403169,0.028542725256915657,0.3567840657114457
279,Tech,0.4037503568245315,0.0017766192667772846,0.5327294352620037,0.19873195413793276,2.0813848827886487,5.9859635476241655,0.02117986114950321,0.2647482643687901
280,Tech,0.17507989334867724,0.0012635847974431414,0.5123689805163453,0.22456981723283892,1.5063427107484015,2.1608604318452644,0.01763162756740385,0.22039534459254811
281,Tech,0.21291588116212465,0.0017277439977929428,0.5617766500149732,0.21803821191663703,2.7940989553241087,3.8781981964921135,0.02602099527572221,0.3252624409465276
282,Tech,0.028750084669228113,0.0017154636552099087,0.4440284606571606,0.21090065498298266,2.305342236617469,0.3798009622074794,0.018872041922515466,0.23590052403144332
283,Tech,0.3184491265302385,0.0027428734618583565,0.44950640917971485,0.18558250796563208,2.74197619558309,5.293759980049637,0.023747951013756874,0.2968493876719609
284,Tech,0.2080433361604502,0.002188396579218872,0.5478543529326921,0.200112104811515,2.410783470087746,3.8225318944565267,0.026248184392755957,0.32810230490944947
285,Tech,0.0508754497775171,0.0017550145503975746,0.522116395684108,0.21682387591410404,2.4834236544848673,0.8439730023572818,0.023698576089760146,0.2962322011220018
286,Tech,0.09041369721879464,0.0018623006190851817,0.5287656205091267,0.22207510151533688,2.4452036990858064,1.629118525008796,0.02574070356786834,0.3217587945983542
287,Tech,0.17523248613408396,0.001769450209904501,0.4735761363838508,0.22103796271302661,2.5789953247683997,2.7384282470761057,0.022324857903188455,0.2790607237898557
288,Tech,0.1448919393975655,0.0016634392422048333,0.5191868201202372,0.19402613457569076,3.210972179422439,2.1180736109376777,0.020883283478553002,0.26104104348191254
289,Tech,0.10625204272951062,0.0013351037291724013,0.590122829364047,0.21296178766623436,2.688402534383675,1.6205498072954272,0.021788486073371183,0.2723560759171398
290,Tech,0.12591771767081583,0.0016851470306334464,0.5488469866928553,0.2201014167629346,1.6678642728617858,2.030898574386517,0.023041107568990353,0.2880138446123794
291,Tech,0.11016601553099718,0.0014522168104860887,0.5259397290799984,0.19336290894228286,2.478664606111561,1.388277140402848,0.018002403446826402,0.22503004308533003
292,Tech,0.15855069134931554,0.001280226356361754,0.5046331131463272,0.20986721944437295,2.756592307241287,1.978350334081144,0.017825307092142577,0.22281633865178221
293,Tech,0.5196268075984514,0.00198858084591389,0.5061899501845712,0.21268468858118988,2.781080322614458,9.141312146192067,0.025131531246545095,0.31414414058181367
294,Tech,0.013718914535701019,0.0019298300709849733,0.4454780738779994,0.20693861874963795,2.12935800677636,0.19064732091728548,0.019852395383568533,0.24815494229460666
295,Tech,0.11167611622350605,0.0011195635368275569,0.5290174147322406,0.1914246460440933,2.765977778075251,1.177951059013328,0.015068461225800555,0.18835576532250695
296,Tech,0.16200533710262333,0.0016971402497945127,0.5495919087968649,0.206689283497368,2.671096959820482,2.6390106419086243,0.023270932119591015,0.2908866514948877
297,Tech,0.18039748950293014,0.0022446309820020093,0.4648533235490285,0.20667321029555508,3.329006974787892,3.20009784410942,0.025341640625511523,0.31677050781889404
298,Tech,0.09889364476307387,0.0022805615868512702,0.49685040876926145,0.20846554055262775,1.9999993055005951,1.7256177957074144,0.024927469156263676,0.31159336445329594
299,Tech,0.028437778677221238,0.002261605589007366,0.4794887378718302,0.20431155034385462,2.0970397694398297,0.4681579606664693,0.0235179088443393,0.29397386055424124
300,Tech,0.18566872472176785,0.001767107607079549,0.48621270818169326,0.20551614306569063,2.177552380616018,2.629578509864712,0.02023249060393715,0.25290613254921435
301,Tech,0.6541804908535804,0.0014167343306553286,0.5218718569387665,0.20954920177463554,2.10391113998449,8.615204279146946,0.01881351531660137,0.23516894145751713
302,Tech,0.034753936150282314,0.0013346793571528046,0.4470459245754034,0.21437081064780242,1.9439917000945586,0.38108723145918616,0.015664709985707848,0.1958088748213481
303,Tech,0.30073013852615965,0.0019074495090412715,0.5414994653424973,0.20690199696953865,1.1949297977305025,4.6481580508186635,0.022080346916430498,0.27600433645538125
304,Tech,0.10283187774237688,0.0019240566516349035,0.5463849274476789,0.20584977531442528,2.126120210510746,1.7370547020295244,0.024131687290607644,0.30164609113259555
305,Tech,0.13078780350311708,0.00241439458403665,0.5112114094187081,0.2108698049806499,2.4477432238799617,2.5729177097866374,0.028103512940937377,0.3512939117617172
306,Tech,0.05357912005122732,0.002303916960008022,0.43317520215054106,0.1907371053391535,2.1027112617976353,0.7431866083363632,0.01981546456438889,0.24769330705486114
307,Tech,0.10228443853579482,0.0016930956921674782,0.48512534808991636,0.2147166158703699,3.074152473411644,1.5890205126132182,0.02219330072324505,0.2774162590405631
308,Tech,0.4453267292372678,0.0012821832874643044,0.5631515676935944,0.20994063362687573,2.3053503250863447,5.991101603024779,0.019218959954208466,0.24023699942760582
309,Tech,0.2334943356418034,0.0016158144592436422,0.42277020017449995,0.21034319986408093,2.816411622073654,2.918574674198508,0.01785650337192031,0.22320629214900387
310,Tech,0.6571081030770042,0.0018476666756620244,0.5078366805732268,0.21955360767404994,2.404568165091987,11.108803182241395,0.02415084939214896,0.30188561740186204
311,Tech,0.39879153058477224,0.0016637847492139337,0.47869997275364595,0.19041810929762282,2.630562923957303,5.022488517015121,0.017991815385885387,0.22489769232356735
312,Tech,0.20519199700156912,0.0015145861917855675,0.5481599605554693,0.19020792589951568,2.411696621573425,2.7096057041285784,0.018864601681237374,0.23580752101546718
313,Tech,0.6640179445815231,0.0018642092931216406,0.4963710116749789,0.2126843030513405,2.847513852761425,10.98992475766635,0.0236437774597286,0.2955472182466075
314,Tech,0.20517472709304027,0.001542842281369494,0.5341383907257464,0.20987509604682014,2.3223757400529603,3.0032995521098735,0.020911093643809067,0.26138867054761333
315,Tech,0.29118460854366895,0.0014957073922476905,0.5397911146709182,0.21164803403002463,2.498448283235514,4.316257049616423,0.02117584967931884,0.2646981209914855
316,Tech,0.1058321387660685,0.0018917058658336973,0.5842679043905508,0.20532499384638087,2.4465331734600175,1.9321198043381553,0.026080651692730068,0.3260081461591258
317,Tech,0.14673956293847554,0.00158267688253412,0.512897031971362,0.21658980134050462,2.1846858167490724,2.1621183168548432,0.021049132154937745,0.26311415193672183
318,Tech,0.07377992381434266,0.0018601216432436514,0.5331615529367915,0.21927265302801652,2.4619929275698706,1.319816425150101,0.025555082445913126,0.3194385305739141
319,Tech,0.3367677897524427,0.0018737032003312809,0.46802305823053975,0.21478608753762057,3.1937544984790724,5.483983277345685,0.023263097193880988,0.2907887149235123
320,Tech,0.04786070628713994,0.0013162128206699688,0.561664474715281,0.20733798001405948,2.191841223161823,0.6385395822442421,0.01905946388950733,0.23824329861884164
321,Tech,0.27946677392869174,0.0015516292485336506,0.49338219031750224,0.18886937072196128,2.4677859571412992,3.367392595300047,0.017213355215014194,0.21516694018767743
322,Tech,0.11641741631194888,0.0025069328226721786,0.5003736042569289,0.21763862667847658,2.803111580347777,2.462095526471891,0.030212655760255575,0.3776581970031947
323,Tech,0.3965850359961068,0.0013087806598554455,0.5192213271802777,0.22216355126028123,2.756101312377712,5.565388366638039,0.02004754110178016,0.25059426377225197
324,Tech,0.27165970280309454,0.0010309205858070147,0.4652990479131053,0.21639184871794512,2.304686567087746,2.6686708355279434,0.014033685778786158,0.17542107223482697
325,Tech,0.7114816612417647,0.0010987294860977921,0.5280069510125128,0.20114984032443023,1.346644518817055,6.986949735644725,0.014028972648129913,0.17536215810162392
326,Tech,0.2667909312261303,0.001762782055834249,0.5538613195523754,0.21668420853478287,2.5066811274593865,4.714880594948334,0.0252465242207204,0.315581552759005
327,Tech,0.0335800409271649,0.0017635787186648282,0.5302526838224052,0.21855156167771977,1.4122102965507786,0.5242416937447782,0.022302435752656866,0.27878044690821085
328,Tech,0.13012691519240113,0.0016992943456247162,0.46438858525374466,0.22553442707609617,2.8879748923764925,2.035536818789673,0.02234672002197678,0.2793340002747097
329,Tech,0.048132692654362284,0.0023706477858612784,0.515666674698462,0.20118516535582573,2.367789548477304,0.8843335772452234,0.026246893994707657,0.32808617493384573
330,Tech,0.08668806731326632,0.0008970956222313881,0.5459710116042822,0.20768171875266392,2.6998696079487954,0.8811390297738185,0.01452068412120881,0.1815085515151101
331,Tech,0.5385464174075096,0.001932084083924099,0.4542703931911932,0.21741898510953986,1.9391555447275794,7.9962515416055995,0.02121120133524949,0.26514001669061865
332,Tech,0.24531633239101225,0.002585645892329431,0.48238318951638004,0.21052036531248688,1.678997010679978,4.47654095928533,0.026068621077668847,0.3258577634708606
333,Tech,0.07367995010867348,0.001320051296347448,0.5506790261428532,0.19877298857759257,2.404301753656467,0.9318790356747285,0.01806808722435466,0.22585109030443326
334,Tech,0.055502189517282086,0.001591479616593127,0.529453340196905,0.21409242744837234,2.286558624017543,0.8422564919156519,0.021678848534522174,0.27098560668152716
335,Tech,0.1423476043261742,0.0014497524368199237,0.5344190053744364,0.21573288093625698,2.1033836695371333,2.0256927196249777,0.020329437618707365,0.2541179702338421
61,Transport,0.030392179015269152,0.0011396827220803221,0.5746210213473293,0.22431759573370846,2.1211981694339936,0.5637572288786187,0.019272122474116016,0.2409015309264502
62,Transport,0.10224496723799274,0.001261111893821869,0.630891756351011,0.22963723681280693,3.38894397679826,2.555214951760559,0.025964786852251624,0.3245598356531453
63,Transport,0.1600115274381325,0.0011749264145924966,0.5640235099521347,0.22007224261786004,2.8091450072103092,3.0722548182382874,0.01994826940917778,0.24935336761472224
64,Transport,0.23424514583681968,0.000957946053446659,0.6196282100262737,0.2167696728707414,2.8518750322455935,4.17481210787717,0.018516785522158755,0.23145981902698443
65,Transport,0.26213824632979177,0.0014527613811062636,0.5574471507925441,0.2188357816031586,2.5763910539215003,5.669968322306944,0.02247240248799478,0.28090503109993475
66,Transport,0.2822464462641576,0.0013955284673729366,0.577891185375955,0.22188986205270123,2.6308515670226256,6.281942753931979,0.023124095472970223,0.28905119341212776
67,Transport,0.10097929900715591,0.0011146137454539704,0.5424813106698423,0.21660325569449307,3.0858202728957336,1.7948225557846462,0.01846666322348482,0.23083329029356023
68,Transport,0.09116321643285483,0.0009853000833621017,0.5959258302121632,0.22985858928304453,2.687065152521914,1.700405676756925,0.019379035950095422,0.24223794937619278
69,Transport,0.29915038106583625,0.001330462977875893,0.6305794084924287,0.2355351504302529,2.9122775752098935,7.74632741914824,0.026903299788073567,0.3362912473509196
70,Transport,0.11634898989913936,0.0012158135023331387,0.5772925337062701,0.21236701068443337,2.6215982808619938,2.207653098234204,0.01971366969833858,0.24642087122923226
71,Transport,0.04384454937642668,0.0008076618506440311,0.5731090005453632,0.22848928080457612,2.5631388437071814,0.6656050267531888,0.01577248939648113,0.19715611745601413
72,Transport,0.04983958799685571,0.0011404523034396184,0.5409884062926226,0.22603863573975244,2.137234333759255,0.8806576513328909,0.01835827752941161,0.22947846911764513
73,Transport,0.0604164273001924,0.0012385346638578959,0.5719747571256691,0.23165308054778383,1.908900375053149,1.2151869296839561,0.02089716210333241,0.2612145262916551
74,Transport,0.21620191661624302,0.0009263494946599556,0.5242522009097464,0.22810860601137992,2.5953752395734395,3.329684691825701,0.0160008418101692,0.20001052262711502
75,Transport,0.15711079592699947,0.001216381968836224,0.548049270464841,0.2137020008930995,2.7225986767972934,2.8766405313920784,0.019022992134806814,0.23778740168508516
76,Transport,0.2572902742195604,0.0008063111117734538,0.5879375116138197,0.21561410070384412,2.1855479853164836,3.5978023424746812,0.01452824624270145,0.18160307803376813
77,Transport,0.09408896010527146,0.0016200654183415937,0.6261654619209488,0.2285322294482655,2.686210053986147,2.6388430390332265,0.02913896702037694,0.36423708775471175
78,Transport,0.15940590685901154,0.001584719628875802,0.6783223801430326,0.23852580288987088,2.721501025196201,5.050564686888677,0.03291810220728437,0.4114762775910546
79,Transport,0.24269353027954807,0.0010890335717648363,0.5594695220225184,0.20609611998198576,1.8375967975762486,3.7113723515420896,0.015888232660705534,0.19860290825881918
80,Transport,0.10462224693131196,0.001270338740333749,0.6302355054825903,0.2316952594904316,2.3339501362081996,2.447219492309545,0.024302342770031616,0.3037792846253952
81,Transport,0.20848473274935123,0.0006350443205828032,0.5885313368140577,0.24013421374529223,2.8629055574941877,2.962422414207109,0.014762910591666166,0.1845363823958271
82,Transport,0.07617510883135109,0.0008687786450319632,0.5747063323638768,0.22670773493035365,2.8548234917582977,1.2407647135967035,0.016922932119449428,0.21153665149311784
83,Transport,0.09968544104021915,0.0010778575006149555,0.5951408058104153,0.2337400186526802,2.238530033440096,1.9575177562682973,0.020402023210356668,0.25502529012945835
84,Transport,0.09802318143310561,0.000887263519323861,0.5821670769287985,0.22120730288343776,2.7633792201998943,1.5799111212056682,0.016745692967271564,0.20932116209089455
85,Transport,0.047111277960426357,0.0013868280010882696,0.5838638503964276,0.22704433169964702,3.108962890144189,1.127234269629767,0.02485928080556004,0.3107410100695005
86,Transport,0.21422852803293813,0.0019112245032238012,0.5657083393010666,0.21202885850933428,3.0108291835963596,5.707043749533404,0.027677901528127342,0.3459737691015918
87,Transport,0.09058657238101102,0.0008643878808601476,0.5310661619070401,0.20479456060822704,2.6618856851944264,1.172532167160918,0.013448077420181882,0.1681009677522735
88,Transport,0.13977203966319163,0.0009408741905885582,0.5259731179117271,0.23766565170466855,2.5128094746702834,2.2911334329925435,0.017030576198761537,0.21288220248451922
89,Transport,0.21303151096017864,0.0012303295953599686,0.6028635709148429,0.21838804441517137,2.4482622062661985,4.353001316888689,0.021229717380349615,0.26537146725437016
90,Transport,0.20657140900828466,0.0017353325079029927,0.570315496847,0.22368271524238148,2.887127913163863,5.481872358316104,0.027571346045373982,0.34464182556717476
91,Transport,0.25154318853846297,0.0008545557181301511,0.5591368885120341,0.21437357115971387,2.7780415892571555,3.6380228986557315,0.015026302530841352,0.1878287816355169
92,Transport,0.12648594110404912,0.0012345160558779752,0.5802976969353103,0.21413829666157702,2.95176160244088,2.5304690234676217,0.020785382966142817,0.2598172870767852
93,Transport,0.09442440994891035,0.001828954912802789,0.607822628852047,0.22649961669146962,2.752749525248461,2.7888439734402413,0.03068592362624705,0.38357404532808814
94,Transport,0.12864050237697341,0.0007675744646157107,0.5863127380059239,0.22094222175105932,3.027505580138977,1.9074213744648658,0.01540522973972185,0.1925653717465231
95,Transport,0.030270302306079598,0.0008421077560739843,0.5570380772175662,0.23201770367236277,2.7378370131830803,0.47687778834891,0.01636777318675527,0.20459716483444088
96,Transport,0.03757604984936748,0.0010434352068892044,0.6229202534477132,0.2327633778822117,3.0138754864526747,0.7973035281004409,0.02204508736930154,0.27556359211626924
97,Transport,0.042028100303595405,0.0010184408729225828,0.6352714926043571,0.23144649015566188,3.048329108146656,0.8889205608606495,0.021974674629455047,0.2746834328681881
98,Transport,0.056331053537701216,0.0014212976993348188,0.5973094829362998,0.23062400160170024,2.378189347910075,1.3526243852266329,0.024947590153955576,0.3118448769244447
99,Transport,0.1980589878150476,0.0012322415818760753,0.6140782228970432,0.24401567574173466,1.9767423812517018,4.586925855888513,0.024061706592792713,0.3007713324099089
100,Transport,0.06118101632972148,0.0007442929960389674,0.6234685998884834,0.21756205600196693,3.3173971424058215,0.9440913737227007,0.016032328545032476,0.20040410681290594
101,Transport,0.09833910903509846,0.0013195260325169036,0.6195534760741579,0.2276886450303866,2.8026634922849047,2.3596972688758275,0.024930402056314516,0.31163002570393145
102,Transport,0.4449996824363853,0.0010040434359974198,0.6014934711989418,0.23956489189761168,2.0142056418015515,8.495658353565295,0.019835200738463534,0.24794000923079418
103,Transport,0.10029647267243368,0.001595252146549527,0.6009421466476209,0.24088339178579615,2.414472201112516,2.795933116302623,0.028962788999236117,0.36203486249045147
104,Transport,0.2684144153607363,0.0009915589484413485,0.5981881200671275,0.21402035719897006,3.0087497169479316,4.71867154583211,0.01826472652441141,0.2283090815551426
105,Transport,0.059651076094490184,0.0009893235861781785,0.5415931813908534,0.2251144392758571,2.588129267546843,0.9793003828294342,0.017056774325206046,0.21320967906507557
106,Transport,0.1148784138802107,0.0013280383223370647,0.6045253104900855,0.2418192046510884,2.495175432272349,2.8524138937701644,0.02579724773801793,0.3224655967252241
107,Transport,0.058776860651215776,0.001403756174593238,0.5325465110105706,0.23331878474440645,3.260352744125187,1.356063395073544,0.02397026684026379,0.29962833550329737
108,Transport,0.10186397371407822,0.0012975071493023281,0.552189019070623,0.23019062400721352,2.281085141446476,2.093487717718844,0.021352516448636626,0.26690645560795784
109,Transport,0.2944312190625926,0.0007611085239726164,0.625624777373283,0.22606114675806924,2.3807386568980666,4.533195198275134,0.015996310472809867,0.19995388091012334
110,Transport,0.029200321505014174,0.0013270104299295906,0.6094077056942969,0.22439998443533835,2.784554590019307,0.6782464361733375,0.02413232408681764,0.3016540510852205
336,Utilities,0.046240866625498374,0.0011994685654646581,0.5150823182668159,0.20720884732273637,3.0338645122931056,0.4936036519464706,0.01742795004057317,0.21784937550716463
337,Utilities,0.07554600820640263,0.0013825085057717719,0.4663993472477171,0.2085250676312258,4.106974356812904,0.8850642384362898,0.019127454548165848,0.2390931818520731
338,Utilities,0.1830165571409121,0.0021432779919977477,0.4730260803651613,0.20374215934256906,3.3338102189476233,2.748659669419745,0.024520227533770318,0.306502844172129
339,Utilities,0.390937981778858,0.0023745590972273026,0.5448760934526414,0.22111200771658696,3.4197994423453277,8.103639236955583,0.03384278843174282,0.42303485539678526
340,Utilities,0.23904538409958073,0.0013791678387010042,0.4425168404668328,0.1973222965222996,3.3375747566213425,2.3397398886169354,0.01598016002696865,0.19975200033710813
341,Utilities,0.017577286745842358,0.0024150745631162304,0.4220741032733527,0.20045601073178856,3.591784857540877,0.25644473963370845,0.02381967679379897,0.2977459599224871
342,Utilities,0.18176200321105937,0.0015134006841720283,0.46497287393864967,0.2064390734947016,2.923971330839702,2.052640214957594,0.018437568200937962,0.23046960251172452
343,Utilities,0.14746609964393206,0.0023253902275992703,0.4653646860286113,0.2151187586364353,2.1780954769298826,2.2558939005351033,0.0249758560875984,0.31219820109498
344,Utilities,0.2005912704470554,0.0014654178823135988,0.4315649612818827,0.19135548665848098,2.924565546797596,1.8681335593826855,0.015205118187370836,0.19006397734213545
345,Utilities,0.591911312691399,0.0015499606827159144,0.41386610431558035,0.19322625086177198,3.3246942839986007,5.749448203541271,0.015858548415271234,0.19823185519089043
346,Utilities,0.02158187088535072,0.0016435092235890427,0.5308445547731527,0.18595193328207918,2.6120798419539706,0.2535169379332329,0.01917837461764731,0.23972968272059136
347,Utilities,0.08118861417858687,0.003320709709317596,0.4614395214635808,0.20665617061195907,2.929453619804268,1.600508105577667,0.032185232923647736,0.4023154115455967
348,Utilities,0.23523471220643252,0.001855745499447688,0.42437001165092736,0.19514616018736092,2.723292102799075,2.5842321595979203,0.017935935163258386,0.22419918954072982
349,Utilities,0.033292533113726264,0.001256900758755118,0.482057560579786,0.2024837172592472,3.6008117007372524,0.34901104175652303,0.01711536769456589,0.21394209618207363
350,Utilities,0.521715407986069,0.0019111680041952468,0.4461799196953533,0.21294300025834345,3.2997828061626255,7.168914310241406,0.022434357343312776,0.2804294667914097
351,Utilities,0.19253713649193885,0.0013702688669555083,0.4411491493788759,0.19991379115159788,3.2606162482575836,1.8894906558216507,0.016022273726458196,0.20027842158072745
352,Utilities,0.29609894964157885,0.001327141740501821,0.46967955051700727,0.20864203858686,3.2486405252483888,3.185533207605271,0.017564636920612355,0.21955796150765444
353,Utilities,0.08267512784003422,0.0018825277998155857,0.40478412061189084,0.20333583928190913,2.985100298979149,0.939812999739153,0.018559252475200815,0.23199065594001017
354,Utilities,0.28748061201733344,0.0015117025089379608,0.46234195213710105,0.21305036151039072,3.0790225130110014,3.3964297889224704,0.01928892335801754,0.24111154197521922
355,Utilities,0.36154716412196536,0.0016081896200741796,0.5169534182706114,0.21108049903290643,2.525926167787073,4.730075174276332,0.021359790587374274,0.2669973823421784
356,Utilities,0.1704357373530235,0.0015052536370076081,0.4663162181769059,0.19940988139768026,2.125423208499773,1.727379866090696,0.01654706970539295,0.20683837131741187
357,Utilities,0.1706694942254247,0.0016316811925543423,0.4368325763675788,0.20464270082542182,3.06003245213801,1.9125258119555244,0.01829554329982236,0.22869429124777949
358,Utilities,0.17628059510680597,0.0016681355780988382,0.43225131518501153,0.2167666523366313,3.1295961025088577,2.1466887199311695,0.019881926924334454,0.24852408655418068
359,Utilities,0.06354557482640917,0.000924246354855031,0.43563810093292116,0.21026298706196733,3.483705827370151,0.4975221346387757,0.012782653054345505,0.15978316317931882
360,Utilities,0.12102441333156662,0.001771998977693906,0.4411113062683277,0.19235959778191505,3.628534326432947,1.4062004529748489,0.018970035970798892,0.23712544963498616
361,Utilities,0.12048169363224168,0.00117346422855889,0.4367767713534605,0.21288539897114017,3.6279993939995787,1.1611705738502638,0.015735076714535043,0.19668845893168804
362,Utilities,0.1951605549388219,0.0010459131422765017,0.48207090043760986,0.19548311213506397,2.600790562682449,1.5804666436096977,0.01322169689803068,0.16527121122538352
363,Utilities,0.33988588290343763,0.0014782549394693027,0.3893376813876856,0.2204543490590364,2.8590939860200923,3.4156808625357393,0.01640733580561571,0.2050916975701964
364,Utilities,0.053307958048453105,0.0015318258025357476,0.4801700017644247,0.21657020675783661,3.1921337183525518,0.6801302421285264,0.020830224275955253,0.26037780344944067
365,Utilities,0.12350232394319662,0.0012612314273216575,0.4367109716200104,0.20922807311861036,4.012761871096871,1.2627993021104411,0.016693719441676424,0.2086714930209553
366,Utilities,0.5243073684837678,0.0018463728123174726,0.46319317249933806,0.2079015467937883,3.5920396814855664,7.235759075569513,0.022531600574629707,0.28164500718287133
367,Utilities,0.07077732595973281,0.0010724237958932043,0.4105554231429698,0.20423889579915216,3.447758864799352,0.5611231549363167,0.012943685342844503,0.16179606678555628
368,Utilities,0.06593985805293162,0.0013549020595102327,0.4965020873397303,0.21311445787342664,2.844884817780284,0.7583913820543219,0.018777565619315303,0.2347195702414413
369,Utilities,0.16581018548631538,0.0012959533143133985,0.49359722360601554,0.20262143666480575,2.64672014753795,1.6944541252512113,0.01668447391565204,0.20855592394565048
370,Utilities,0.29551357414062723,0.0014826311160720692,0.4835856684012526,0.2086849170658253,3.315563153353296,3.570697362551984,0.01972738476271314,0.24659230953391426
371,Utilities,0.13963774738760706,0.0016083055627180642,0.3969835828472261,0.21504856202462086,2.559735494306256,1.4401796299559437,0.01683866809333395,0.21048335116667435
372,Utilities,0.45706820824100847,0.0011658983091491193,0.47901923748731184,0.20071115292417047,2.904625459607879,4.224502628241831,0.01508997349584445,0.18862466869805564
373,Utilities,0.29883234134733716,0.0017977498102866075,0.4641699280672498,0.2001672909595194,2.954088820399231,3.68571414666159,0.020136684192930895,0.2517085524116362
374,Utilities,0.29483213507465145,0.0015238129297036704,0.3938155063503601,0.19438556355218176,3.637164835649123,2.7746309006814966,0.01536470789596498,0.19205884869956225
375,Utilities,0.22757342913092393,0.0009347076660424547,0.4491495915680215,0.19568449089816464,2.858121078816129,1.6118017977181875,0.011563358469313282,0.14454198086641604
